Order ID,First Name,Last Name,Order Date
1,John,Doe,2/18/2025 5:50:21 PM
16,John,Doe,2/18/2025 6:34:47 PM
17,John,Doe,2/18/2025 6:34:47 PM
42,John,Doe,2/18/2025 7:57:52 PM
43,John,Doe,2/18/2025 7:57:52 PM
68,John,Doe,2/18/2025 8:00:45 PM
69,John,Doe,2/18/2025 8:00:45 PM
2,Jane Ganda,Smith,2/18/2025 5:50:21 PM
18,Jane Ganda,Smith,2/18/2025 6:34:47 PM
19,Jane Ganda,Smith,2/18/2025 6:34:47 PM
44,Jane Ganda,Smith,2/18/2025 7:57:52 PM
45,Jane Ganda,Smith,2/18/2025 7:57:52 PM
70,Jane Ganda,Smith,2/18/2025 8:00:45 PM
71,Jane Ganda,Smith,2/18/2025 8:00:45 PM
3,Alice,Brown,2/18/2025 5:50:21 PM
20,Alice,Brown,2/18/2025 6:34:47 PM
21,Alice,Brown,2/18/2025 6:34:47 PM
46,Alice,Brown,2/18/2025 7:57:52 PM
47,Alice,Brown,2/18/2025 7:57:52 PM
72,Alice,Brown,2/18/2025 8:00:45 PM
73,Alice,Brown,2/18/2025 8:00:45 PM
4,Robert,Johnson,2/18/2025 5:50:21 PM
22,Robert,Johnson,2/18/2025 6:34:47 PM
23,Robert,Johnson,2/18/2025 6:34:47 PM
48,Robert,Johnson,2/18/2025 7:57:52 PM
49,Robert,Johnson,2/18/2025 7:57:52 PM
74,Robert,Johnson,2/18/2025 8:00:45 PM
75,Robert,Johnson,2/18/2025 8:00:45 PM
5,Michael,Williams,2/18/2025 5:50:21 PM
24,Michael,Williams,2/18/2025 6:34:47 PM
25,Michael,Williams,2/18/2025 6:34:47 PM
50,Michael,Williams,2/18/2025 7:57:52 PM
51,Michael,Williams,2/18/2025 7:57:52 PM
76,Michael,Williams,2/18/2025 8:00:45 PM
77,Michael,Williams,2/18/2025 8:00:45 PM
6,Emma,Davis,2/18/2025 5:50:21 PM
26,Emma,Davis,2/18/2025 6:34:47 PM
27,Emma,Davis,2/18/2025 6:34:47 PM
52,Emma,Davis,2/18/2025 7:57:52 PM
53,Emma,Davis,2/18/2025 7:57:52 PM
78,Emma,Davis,2/18/2025 8:00:45 PM
79,Emma,Davis,2/18/2025 8:00:45 PM
8,Liam,Wilson,2/18/2025 5:50:21 PM
30,Liam,Wilson,2/18/2025 6:34:47 PM
31,Liam,Wilson,2/18/2025 6:34:47 PM
56,Liam,Wilson,2/18/2025 7:57:52 PM
57,Liam,Wilson,2/18/2025 7:57:52 PM
82,Liam,Wilson,2/18/2025 8:00:45 PM
83,Liam,Wilson,2/18/2025 8:00:45 PM
9,Sophia,Moore,2/18/2025 5:50:21 PM
32,Sophia,Moore,2/18/2025 6:34:47 PM
33,Sophia,Moore,2/18/2025 6:34:47 PM
58,Sophia,Moore,2/18/2025 7:57:52 PM
59,Sophia,Moore,2/18/2025 7:57:52 PM
84,Sophia,Moore,2/18/2025 8:00:45 PM
85,Sophia,Moore,2/18/2025 8:00:45 PM
10,James,Taylor,2/18/2025 5:50:21 PM
34,James,Taylor,2/18/2025 6:34:47 PM
35,James,Taylor,2/18/2025 6:34:47 PM
60,James,Taylor,2/18/2025 7:57:52 PM
61,James,Taylor,2/18/2025 7:57:52 PM
86,James,Taylor,2/18/2025 8:00:45 PM
87,James,Taylor,2/18/2025 8:00:45 PM
11,Charlotte,Anderson,2/18/2025 5:50:21 PM
36,Charlotte,Anderson,2/18/2025 6:34:47 PM
37,Charlotte,Anderson,2/18/2025 6:34:47 PM
62,Charlotte,Anderson,2/18/2025 7:57:52 PM
63,Charlotte,Anderson,2/18/2025 7:57:52 PM
88,Charlotte,Anderson,2/18/2025 8:00:45 PM
89,Charlotte,Anderson,2/18/2025 8:00:45 PM
12,William,Thomas,2/18/2025 5:50:21 PM
38,William,Thomas,2/18/2025 6:34:47 PM
39,William,Thomas,2/18/2025 6:34:47 PM
64,William,Thomas,2/18/2025 7:57:52 PM
65,William,Thomas,2/18/2025 7:57:52 PM
90,William,Thomas,2/18/2025 8:00:45 PM
91,William,Thomas,2/18/2025 8:00:45 PM
13,Mia,Martinez,2/18/2025 5:50:21 PM
40,Mia,Martinez,2/18/2025 6:34:47 PM
41,Mia,Martinez,2/18/2025 6:34:47 PM
66,Mia,Martinez,2/18/2025 7:57:52 PM
67,Mia,Martinez,2/18/2025 7:57:52 PM
92,Mia,Martinez,2/18/2025 8:00:45 PM
93,Mia,Martinez,2/18/2025 8:00:45 PM
